{
  "tracks": [
    {
      "trackId": "1",
      "segments": [
        {
          "segmentId": "start-and-goal-1",
          "type": "start-goal",
          "nextSegments": [
            "segment-1-1"
          ]
        },
        {
          "segmentId": "segment-1-1",
          "type": "normal",
          "nextSegments": [
            "segment-1-2"
          ]
        },
        {
          "segmentId": "segment-1-2",
          "type": "normal",
          "nextSegments": [
            "segment-1-3"
          ]
        },
        {
          "segmentId": "segment-1-3",
          "type": "normal",
          "nextSegments": [
            "start-and-goal-1"
          ]
        }
      ]
    },
    {
      "trackId": "2",
      "segments": [
        {
          "segmentId": "start-and-goal-2",
          "type": "start-goal",
          "nextSegments": [
            "segment-2-1"
          ]
        },
        {
          "segmentId": "segment-2-1",
          "type": "normal",
          "nextSegments": [
            "segment-2-2"
          ]
        },
        {
          "segmentId": "segment-2-2",
          "type": "normal",
          "nextSegments": [
            "segment-2-3"
          ]
        },
        {
          "segmentId": "segment-2-3",
          "type": "normal",
          "nextSegments": [
            "start-and-goal-2"
          ]
        }
      ]
    },
    {
      "trackId": "3",
      "segments": [
        {
          "segmentId": "start-and-goal-3",
          "type": "start-goal",
          "nextSegments": [
            "segment-3-1"
          ]
        },
        {
          "segmentId": "segment-3-1",
          "type": "normal",
          "nextSegments": [
            "segment-3-2"
          ]
        },
        {
          "segmentId": "segment-3-2",
          "type": "normal",
          "nextSegments": [
            "segment-3-3"
          ]
        },
        {
          "segmentId": "segment-3-3",
          "type": "normal",
          "nextSegments": [
            "start-and-goal-3"
          ]
        }
      ]
    }
  ]
}
