{
  "tracks": [
    {
      "trackId": "0",
      "segments": [
        {
          "segmentId": "segment-0-0",
          "type": "caesar",
          "nextSegments": [
            "segment-1-1"
          ]
        }
      ]
    },
    {
      "trackId": "1",
      "segments": [
        {
          "segmentId": "segment-1-0",
          "type": "start-goal",
          "nextSegments": [
            "segment-1-1",
            "segment-2-1"
          ]
        },
        {
          "segmentId": "segment-1-1",
          "type": "normal",
          "nextSegments": [
            "segment-1-2",
            "segment-2-2"
          ]
        },
        {
          "segmentId": "segment-1-2",
          "type": "normal",
          "nextSegments": [
            "segment-1-3",
            "segment-2-3"
          ]
        },
        {
          "segmentId": "segment-1-3",
          "type": "wall-down",
          "nextSegments": [
            "segment-1-4"
          ]
        },
        {
          "segmentId": "segment-1-4",
          "type": "bottleneck",
          "nextSegments": [
            "segment-1-5",
            "segment-2-5",
            "segment-3-5",
            "segment-4-5"
          ]
        },
        {
          "segmentId": "segment-1-5",
          "type": "wall-down",
          "nextSegments": [
            "segment-0-0",
            "segment-1-0",
            "segment-2-0"
          ]
        }
      ]
    },
    {
      "trackId": "2",
      "segments": [
        {
          "segmentId": "segment-2-0",
          "type": "start-goal",
          "nextSegments": [
            "segment-1-1",
            "segment-2-1",
            "segment-3-1"
          ]
        },
        {
          "segmentId": "segment-2-1",
          "type": "wall-down",
          "nextSegments": [
            "segment-1-2",
            "segment-2-2"
          ]
        },
        {
          "segmentId": "segment-2-2",
          "type": "wall-down",
          "nextSegments": [
            "segment-1-3",
            "segment-2-3"
          ]
        },
        {
          "segmentId": "segment-2-3",
          "type": "wall-down",
          "nextSegments": [
            "segment-1-4"
          ]
        },
        {
          "segmentId": "segment-2-5",
          "type": "normal",
          "nextSegments": [
            "segment-1-0",
            "segment-2-0",
            "segment-3-0"
          ]
        }
      ]
    },
    {
      "trackId": "3",
      "segments": [
        {
          "segmentId": "segment-3-0",
          "type": "start-goal",
          "nextSegments": [
            "segment-2-1",
            "segment-3-1",
            "segment-4-1"
          ]
        },
        {
          "segmentId": "segment-3-1",
          "type": "normal",
          "nextSegments": [
            "segment-3-2",
            "segment-4-2"
          ]
        },
        {
          "segmentId": "segment-3-2",
          "type": "wall-down",
          "nextSegments": [
            "segment-3-3",
            "segment-4-3"
          ]
        },
        {
          "segmentId": "segment-3-3",
          "type": "normal",
          "nextSegments": [
            "segment-1-4"
          ]
        },
        {
          "segmentId": "segment-3-5",
          "type": "normal",
          "nextSegments": [
            "segment-2-0",
            "segment-3-0",
            "segment-4-0"
          ]
        }
      ]
    },
    {
      "trackId": "4",
      "segments": [
        {
          "segmentId": "segment-4-0",
          "type": "start-goal",
          "nextSegments": [
            "segment-3-1",
            "segment-4-1"
          ]
        },
        {
          "segmentId": "segment-4-1",
          "type": "normal",
          "nextSegments": [
            "segment-3-2",
            "segment-4-2"
          ]
        },
        {
          "segmentId": "segment-4-2",
          "type": "normal",
          "nextSegments": [
            "segment-3-3",
            "segment-4-3"
          ]
        },
        {
          "segmentId": "segment-4-3",
          "type": "normal",
          "nextSegments": [
            "segment-1-4"
          ]
        },
        {
          "segmentId": "segment-4-5",
          "type": "normal",
          "nextSegments": [
            "segment-3-0",
            "segment-4-0"
          ]
        }
      ]
    }
  ]
}
